,Unnamed: 0,osmid,name,area,distance,water,university,centroid_long,centroid_lat,pixel_size,pixel_count,total_pixel_area
0,0,277584,Dhom reservoir,12902090.118495416,79414.96295395005,reservoir,Ajeenkya D Y Patil University,73.788665918166,17.979079110793748,5,513799,12844975
1,1,278303,Pimpalgaon Joga Reservoir,21544645.45829165,86045.5846751284,reservoir,Amity University,73.838884246856,19.32903656260788,5,864677,21616925
2,2,278467,Yedgaon Reservoir,8330739.722852452,64936.430139969045,reservoir,Ajeenkya D Y Patil University,73.99128224793677,19.182564635767587,5,333829,8345725
3,3,311633,Vihar Lake,4768830.130727211,31244.52599566873,reservoir,Amity University,72.91102906422024,19.15399586718384,5,196032,4900800
4,4,332072,Maharana Pratap Reservoir,232622475.6081592,34042.231935133444,reservoir,Arni University,76.05455293969767,31.996503961073472,15,1039287,233839575
5,5,357472,Jalaput Reservoir,82112140.78956616,107375.8059374187,reservoir,Andhra University,82.59608142416981,18.39592620140471,10,878103,87810300
6,6,1579454,Yeleru Reservoir,47535801.57975616,44401.00678283115,reservoir,Adikavi Nannaya University,82.06348580602044,17.322695232505996,5,1916439,47910975
7,7,1597740,,8058648.991981849,64958.4813112929,reservoir,Aliah University,87.79446779315616,22.607969708784665,5,322727,8068175
8,8,1601368,Gobind Sagar,128878017.97585098,48946.63858861128,reservoir,Abhilashi University,76.54295053297236,31.385295002460893,20,324139,129655600
9,9,1606905,Shabd Lake,974131.6993290164,35061.56972186247,lake,Acharya Ng Ranga Agricultural University,78.12125595719915,17.157075082898547,5,39118,977950
10,10,1608747,Thatipudi Reservoir,9981767.426144067,54149.39167567542,reservoir,Andhra University,83.1851859640548,18.18998629333628,5,405894,10147350
11,11,1616059,,1040060.478696652,77992.42465036757,lake,Alliance University,78.15069719511686,12.304283361314344,5,41612,1040300
12,12,1623305,,1246895.3922580783,74127.27113980326,reservoir,Anna University,79.55484324944139,12.960417576361037,5,49823,1245575
13,13,1624070,Pulicat Lake,560535302.2252151,69036.56640057202,lake,Anna University,80.16097958356342,13.630830831772233,25,1053149,658218125
14,14,1625556,Kondakarla Ava,1974010.361541024,36348.96869558803,lake,Andhra University,83.00150436274185,17.603546953692685,5,79114,1977850
15,15,1765313,Keetham Lake,1738397.5696580696,67224.33133086779,lake,Aligarh Muslim University,77.84193835262383,27.25258263276392,5,71301,1782525
16,16,1846716,,2556333.707839233,69206.75522486414,reservoir,Awadesh Pratap Singh University,81.0324949812494,25.12653882292944,5,103502,2587550
17,17,1866836,,6576753.931052188,39834.94865820085,reservoir,Amity University,77.8172109856372,26.244937507199914,5,278082,6952050
18,18,1894403,Pavana Lake,23478358.975845285,48747.79631054012,reservoir,Amity University,73.47068463176537,18.666231530680545,5,948711,23717775
19,19,1898752,Mulshi Lake,37616829.32482184,58773.195975788745,reservoir,Amity University,73.46031415346859,18.53345534171871,10,377015,37701500
20,20,1929498,,8202942.000868592,50954.39451812036,reservoir,Acharya Ng Ranga Agricultural University,78.0587693663683,17.664815597275282,5,339117,8477925
21,21,1945995,Tighra Dam,13388237.499507563,23273.13620633513,reservoir,Amity University,77.98491197070173,26.212170264068305,5,544827,13620675
22,22,2252564,Man Sagar,1091206.0991182984,32199.39408824866,lake,Amity University,75.84951024624827,26.956006970581853,5,43925,1098125
23,23,2810519,Indira Sagar,701878665.7108058,131506.80182962643,reservoir,Aisect University,76.66924078723258,22.195976318821813,25,1144148,715092500
24,24,2833155,Hussain Sagar,4541932.56408384,13038.781643135646,lake,Acharya Ng Ranga Agricultural University,78.47421556683886,17.4240495749166,5,182554,4563850
25,25,3339054,Baravi Lake,16810533.752828605,37302.54454046831,reservoir,Amity University,73.37135972025337,19.194391941785483,5,663566,16589150
26,26,3436455,Nira Deoghar,13161185.60051095,74570.25204962828,reservoir,Ajeenkya D Y Patil University,73.68976014957913,18.094680964655133,5,520761,13019025
27,27,5307294,,14666592.09616388,45803.58355476693,reservoir,Awadesh Pratap Singh University,81.57214384903854,24.21320068094548,10,151127,15112700
28,28,5411363,Himayat Sagar,14869243.08698988,4929.035718745304,lake,Acharya Ng Ranga Agricultural University,78.35353829974278,17.3128601804119,5,602296,15057400
29,29,5414768,Upper Lake,25047905.11819736,9787.58571863606,lake,Atal Bihari Vajpai Hindi Vishwavidyalaya,77.34203974374758,23.24879453088953,10,256042,25604200
30,30,5485416,Peechi Reservoir,7356858.131095834,66238.65757392884,reservoir,Amrita Vishwa Vidyapeetham,76.3934937254135,10.532060987048045,5,301131,7528275
31,31,5855859,Andra Dam,5920595.223694254,55067.71363872613,reservoir,Amity University,73.62266828367319,18.813366782120728,5,239758,5993950
32,32,5859718,Bhama Askhed Reservoir,15277755.098949526,56054.4549032367,reservoir,Ajeenkya D Y Patil University,73.68029080513541,18.866856152220524,10,152807,15280700
33,33,5923218,Andhra Lake,24986024.81399593,42508.81126797196,lake,Amity University,73.52122531152175,18.90106402589063,10,252186,25218600
34,34,6743775,Singanallur Lake,984807.0865475602,8100.638579056228,lake,Avinashilingam Institute For Home Science & Higher Education For Women,77.02232227656975,10.990603936989087,5,39711,992775
35,35,7112404,Bhatsa Reservoir,22354030.14022966,72231.66907421633,reservoir,Amity University,73.43888490680898,19.53402031411047,10,223076,22307600
36,36,7120639,,1967291.75207545,94369.18451134526,reservoir,Awadesh Pratap Singh University,80.67073502200658,25.16277722711285,5,79148,1978700
37,37,7323730,Umiam Lake,7644446.402644069,55734.92064928562,lake,Assam Down Town University,91.87993145794594,25.651672784151003,5,306902,7672550
38,38,7615092,,1632140.249548731,57845.69415213734,reservoir,Amrita Vishwa Vidyapeetham,76.89524295287949,10.31260209943873,5,65119,1627975
39,39,7876724,Singur Lake,133245896.3946643,78458.94050153093,reservoir,Acharya Ng Ranga Agricultural University,77.86234930210446,17.827607943833094,15,598628,134691300
40,40,7891400,,1185221.7749376292,93601.66616374938,reservoir,Acharya Nagarjuna University,79.92309337586006,17.05268779495352,5,47466,1186650
41,41,7891933,Jalleru Jalasayamu,1086038.108974717,61169.89501973853,reservoir,Adikavi Nannaya University,81.35049235566734,17.289563461276266,5,43305,1082625
42,42,7896716,,3602150.2940421044,85922.32561276449,reservoir,Ajeenkya D Y Patil University,73.69624579403227,17.96296011246407,5,143570,3589250
43,43,7896818,,3117786.095988925,51747.82879342784,reservoir,Avinashilingam Institute For Home Science & Higher Education For Women,76.54282761282892,11.251719928557325,5,124975,3124375
44,44,7897624,Avalanchi reservoir,7522836.526227967,51188.22991886815,reservoir,Avinashilingam Institute For Home Science & Higher Education For Women,76.60739005163369,11.331443020377064,5,301751,7543775
45,45,7897625,Pykara reservoir,3355551.658714482,60720.68896750959,reservoir,Avinashilingam Institute For Home Science & Higher Education For Women,76.5916009026027,11.436514290235634,5,134353,3358825
46,46,7897626,,3196833.964479513,60173.72812436342,reservoir,Avinashilingam Institute For Home Science & Higher Education For Women,76.55537215650236,11.395564138696544,5,129067,3226675
47,47,7897627,,933523.464705529,56093.60759794153,reservoir,Avinashilingam Institute For Home Science & Higher Education For Women,76.60291600283668,11.390258210332371,5,37400,935000
48,48,7897628,,2344209.5537786074,56777.14462840247,reservoir,Avinashilingam Institute For Home Science & Higher Education For Women,76.57090525814806,11.36695449042085,5,94539,2363475
49,49,7897802,Kanjirappuzha lake,4247747.580908296,43681.045210513184,reservoir,Amrita Vishwa Vidyapeetham,76.5477650599936,10.989055154575048,5,174451,4361275
50,50,7903591,Lower Sholayar Reservoir,9134028.370717894,59841.37607333769,reservoir,Amrita Vishwa Vidyapeetham,76.78286335389205,10.31036311647932,5,382678,9566950
51,51,7903592,Idamalayar Reservoir,27295080.09412193,67651.49072280772,reservoir,Amrita Vishwa Vidyapeetham,76.75159662833283,10.245499219582284,10,293912,29391200
52,52,7903593,,2172983.820619498,31631.87359514009,reservoir,Amrita Vishwa Vidyapeetham,76.77195352932537,10.587003050407526,5,87260,2181500
53,53,7903595,,3676726.302611148,54113.71396159149,reservoir,Amrita Vishwa Vidyapeetham,77.40767177173375,10.783907018434869,5,148877,3721925
54,54,7914313,Bhatgar reservoir,32067962.152390093,59567.30437211411,reservoir,Ajeenkya D Y Patil University,73.78015263686972,18.19914188269276,10,314476,31447600
55,55,7923683,Vandri Lake,4016684.240661352,74710.34938337203,reservoir,Amity University,72.94745580659125,19.609434076893223,5,172883,4322075
56,56,7943959,,2260427.298676141,92278.1880275443,reservoir,AURO University of Hospitality and Management,73.39172968829926,20.70575713631348,5,89565,2239125
57,57,7943960,,2089463.9622791896,83849.60330254724,reservoir,AURO University of Hospitality and Management,73.2860253167469,20.701455133312148,5,84433,2110825
58,58,7953581,Manikdoh,9865003.814297725,75913.57817450026,reservoir,Amity University,73.774965196518,19.24628037473816,5,391487,9787175
59,59,7973774,Varasgaon,18192741.93671076,68212.1739560933,reservoir,Ajeenkya D Y Patil University,73.53896852813796,18.38829526771013,10,177329,17732900
60,60,8026438,,55535655.944547005,98341.0468397178,reservoir,Anand Agricultural University,73.76598948338761,23.02323418332332,10,583661,58366100
61,61,8194213,,23038906.85360877,71167.6887974471,reservoir,Ayush And Health Science University,81.17212340513566,20.674879707300324,5,920360,23009000
62,62,8194214,,12019460.753166696,67538.47594029286,reservoir,Ayush And Health Science University,81.22054614803825,20.678632047827183,5,479991,11999775
63,63,8204071,Ravishankar Reservoir,74115270.58268613,64322.72516817449,reservoir,Ayush And Health Science University,81.52899544764804,20.57552254512496,10,747982,74798200
64,64,8207454,Sikasaar reservoir,20680651.96464637,102492.80159907784,reservoir,Ayush And Health Science University,82.3125766402953,20.475478456066035,5,826027,20650675
65,65,8235296,Dumerpani Reservoir,3827975.5280800126,98786.41707576552,reservoir,Amity University,82.65516648484841,20.80310228630022,5,153090,3827250
66,66,8235297,Sahipala Reservoir,1993966.53435807,96738.98049131408,reservoir,Amity University,82.67853815244678,20.858909487579947,5,80408,2010200
67,67,8251578,Ghod Reservoir,28590725.92706611,35427.52518544708,reservoir,Ajeenkya D Y Patil University,74.45477811921972,18.726270906162263,10,286601,28660100
68,68,8256553,,1180720.1023455237,85038.67923716774,reservoir,Amity University,82.37059128675557,22.04447452486806,5,47586,1189650
69,69,8415449,,3104181.252864368,37180.821040148585,reservoir,Alliance University,77.34409254159672,12.977829010089836,5,124241,3106025
70,70,8415450,,2627623.223426785,33904.34640912101,reservoir,Alliance University,77.32969407574475,12.89605210070272,5,104173,2604325
71,71,8421510,Sukhna Lake,1362619.4655139486,49586.852110600215,lake,APG (Alakh Prakash Goyal) University,76.81995753813878,30.741407877314582,5,55657,1391425
72,72,8503675,Parambikulam Reservoir,20217850.67912427,51231.98086345878,reservoir,Amrita Vishwa Vidyapeetham,76.8048758081563,10.385148549637114,5,834479,20861975
73,73,8503676,Peruvarippalam Reservoir,1426589.4873498164,45061.46363631498,reservoir,Amrita Vishwa Vidyapeetham,76.7760247247406,10.451908069350123,5,58164,1454100
74,74,8503824,Chimminy Reservoir,7895010.507535918,64736.192874502885,reservoir,Amrita Vishwa Vidyapeetham,76.48010303075476,10.439082858936608,5,334704,8367600
75,75,8546709,Powai Lake,1784020.2327271935,29717.343156870567,lake,Amity University,72.90487810129048,19.127069285737434,5,71347,1783675
76,76,8810862,Malampuzha Lake,19226563.54644505,24808.864028193413,reservoir,Amrita Vishwa Vidyapeetham,76.68916741345649,10.847261687770732,5,827825,20695625
77,77,8886666,Ranjit Sagar,70664844.27623606,41685.26831570312,reservoir,Arni University,75.7700785371268,32.48357430320463,10,711672,71167200
78,78,9042890,,4517184.250661779,75255.50400996355,reservoir,Anand Agricultural University,73.71140511554523,22.556027331326465,5,188606,4715150
79,79,9042893,,1481630.671373006,29601.559344791767,reservoir,Anand Agricultural University,73.25967764311193,22.58165991225705,5,59669,1491725
80,80,9049956,,4452292.03543001,60921.035601069125,reservoir,Anand Agricultural University,73.55748727234052,22.388929330606288,5,178719,4467975
81,81,9083419,Backwater Wilson Dam,18117595.439983435,90771.93473908574,reservoir,Amity University,73.73414561300889,19.53324901104828,5,725883,18147075
82,82,9218434,,22607822.65097074,59571.37787242854,reservoir,Assam University,92.75451059945512,24.26839742559674,10,235626,23562600
83,83,9319304,Pothundi reservoir,3179885.162108213,44766.183713507824,reservoir,Amrita Vishwa Vidyapeetham,76.63301913913088,10.54252031676078,5,127144,3178600
84,84,9323642,,16575069.185966894,78476.54657799799,reservoir,Ayush And Health Science University,80.97394973235956,20.806505303264533,5,707599,17689975
85,85,9336894,,1859934.6910628187,57189.895319845615,reservoir,Ayush And Health Science University,82.02892409987503,20.78675757604751,5,76121,1903025
86,86,9400786,,4440385.752228102,78907.5786204531,reservoir,Azim Premji University,78.37920532997752,12.973955002169877,5,177214,4430350
87,87,9401253,,2858610.6477718293,75499.75056770735,reservoir,Azim Premji University,78.33584961550591,13.024565275056933,5,114785,2869625
88,88,9521805,,983844.635788533,58198.57768225699,reservoir,Amity University,73.01357131021872,19.47076685300998,5,40895,1022375
89,89,9961445,,3780200.778671133,68839.15610757942,reservoir,Ahmedabad University,72.24494522857293,22.48582988505743,5,177510,4437750
90,90,10179602,Yelahanka Lake,961196.149519622,30123.460713179204,lake,Azim Premji University,77.59347341599964,13.113539725257574,5,38628,965700
91,91,10215377,K L Rao Sagar,51869320.76386728,63644.05676055901,reservoir,Acharya Nagarjuna University,80.01050013337975,16.709076437765695,10,520370,52037000
92,92,10297258,,843962.8220220514,90385.2096226291,reservoir,AURO University of Hospitality and Management,72.00577709855277,21.7179554887374,5,36203,905075
93,93,10344457,Peringalkuthu Reservoir,2463996.124864351,64958.52421117327,reservoir,Amrita Vishwa Vidyapeetham,76.65293478262168,10.30856494726511,5,100593,2514825
94,94,11247469,Edulabad Lake,1875748.364112552,33847.25986469645,pond,Acharya Ng Ranga Agricultural University,78.69800273074537,17.42462371475225,5,74968,1874200
95,95,11339483,Jhangh Lake,980680.8123638406,14018.04427342335,lake,Ayush And Health Science University,81.77060138946555,21.14702451331039,5,43908,1097700
96,96,11568854,,1650786.980356797,45765.45116185974,reservoir,Amrita Vishwa Vidyapeetham,76.78892680968183,10.44086253041386,5,66328,1658200
97,97,11821216,,2126022.377663109,98422.60666741012,reservoir,Amity University,82.64731384614238,20.79972019083386,5,85542,2138550
98,98,12889052,,1392667.0384574034,54939.21943329308,reservoir,Amrita Vishwa Vidyapeetham,76.91977445081922,10.338503160156602,5,57231,1430775
99,99,15009693,Bhomra Bil,1105691.5555994331,33200.18876089666,basin,Adamas University,88.63784784798585,22.97801173159722,5,44702,1117550
100,100,16179862,Mamandur Eri,12725099.8526565,63546.89570069996,reservoir,Academy Of Maritime Education And Training,79.64760035037135,12.75153683073989,5,510143,12753575
101,101,16205360,,2005823.7796835296,76865.54014953297,reservoir,Amrita Vishwa Vidyapeetham,77.60629910177927,10.707556956395884,5,80723,2018075
102,102,16288976,Ban Sagar Lake,296463233.4957706,46613.07091481066,lake,AKS University,81.0500041553681,24.08554673406209,25,481959,301224375
103,103,22824920,Khadakwasla Reservoir,9871263.576431155,48426.05745494461,reservoir,Ajeenkya D Y Patil University,73.7315850230032,18.41489176534296,5,391416,9785400
104,104,24711461,Ukkadam Lake,1271579.575790766,4261.0014674287695,lake,Avinashilingam Institute For Home Science & Higher Education For Women,76.95504763291736,10.982485510361032,5,51039,1275975
105,105,25391800,Ambattur Lake,1606383.5542421695,14618.58495002173,reservoir,Anna University,80.14298557577911,13.106404886214507,5,64224,1605600
106,106,25394157,Red Hills Reservoir,19313309.193416577,18224.38729291485,reservoir,Anna University,80.17080194031588,13.162758807034846,5,772936,19323400
107,107,25394523,Sholavaram Lake,6148573.632628919,25446.31035174072,reservoir,Anna University,80.14304744123292,13.222146140532637,5,246155,6153875
108,108,25453624,Chembarambakkam Lake,19872359.218939323,19611.987191725497,reservoir,Anna University,80.05548059270596,13.00825408428371,5,794696,19867400
109,109,25474612,Korattur Lake,1956296.6133445145,13740.173181988972,lake,Anna University,80.18146923602292,13.123006166611198,5,78088,1952200
110,110,25474749,Retteri Lake,942920.2703123774,14809.133838194966,reservoir,Anna University,80.2119529497725,13.142758011295316,5,37849,946225
111,111,25921389,Somangalam Lake,926649.8002509004,23765.922919341745,reservoir,Anna University,80.02759974640603,12.945535373257233,5,36966,924150
112,112,28043727,Varthur Lake,1593162.4541612489,13286.539509912274,lake,Azim Premji University,77.73603657296877,12.94716564853288,5,64400,1610000
113,113,28130557,Osman Sagar,18028077.18903953,11785.775707871197,lake,Acharya Ng Ranga Agricultural University,78.29200726453907,17.378150014568536,5,713469,17836725
114,114,29894997,Kurichi Kulam,1288804.597564116,6113.885411956625,pond,Avinashilingam Institute For Home Science & Higher Education For Women,76.96361560527129,10.966412348986111,5,51765,1294125
115,115,30078793,Kovilpadagai Lake,1005506.5679596218,21304.38899904215,reservoir,Anna University,80.09702984599373,13.146892869529864,5,40270,1006750
116,116,30425149,,954297.6582992318,10303.3631635842,reservoir,Academy Of Maritime Education And Training,80.1388419711918,12.777414242499306,5,38433,960825
117,117,30425246,Agaram Lake,2714848.3419700027,15618.966322852237,reservoir,Academy Of Maritime Education And Training,80.08894995233481,12.76126274239434,5,108667,2716675
118,118,30425446,,1629213.3483748294,5570.937633091638,reservoir,Academy Of Maritime Education And Training,80.1834446950336,12.778009324730023,5,65055,1626375
119,119,31252968,,4574526.619691039,26082.198883117715,reservoir,Anna University,80.00106184666015,13.060177040010116,5,182536,4563400
120,120,34107335,Sandynulla Lake,2186720.0490067,56061.24110661316,lake,Avinashilingam Institute For Home Science & Higher Education For Women,76.65157845142639,11.429832622385542,5,87202,2180050
121,121,34107338,Siruvani Reservoir,1762478.9201554714,32821.214880973755,reservoir,Amrita Vishwa Vidyapeetham,76.64736694076315,10.968130076039165,5,70762,1769050
122,122,34107822,,1547751.8317695805,70586.68628645324,lake,Azim Premji University,78.23709794979885,12.55097641240968,5,61649,1541225
123,123,34107825,,2321308.4403911014,91587.33397336231,reservoir,Alliance University,78.31552051201395,12.313373980122249,5,92759,2318975
124,124,34108030,Marakkanam Lake,23105281.117854007,66311.407217614,lake,Academy Of Maritime Education And Training,79.95630077761302,12.229698197801932,5,923189,23079725
125,125,34108724,,1206012.3922919482,49026.56076270981,reservoir,Academy Of Maritime Education And Training,79.78632508834674,12.8312597777373,5,48088,1202200
126,126,34108726,Nathapettai Yeri,955335.7886982613,54165.93794298354,lake,Academy Of Maritime Education And Training,79.7382318535587,12.82944263272511,5,38232,955800
127,127,34108765,SriPerumpudur lake,2759917.835820888,33106.57099101013,reservoir,Anna University,79.93432863597239,12.9672851802462,5,110996,2774900
128,128,34108767,,963381.0439971077,31404.861934512497,reservoir,Anna University,79.9682103460592,12.90378984011975,5,38725,968125
129,129,41662641,,874971.0916763776,45204.59177337802,pond,Azim Premji University,77.5271936342932,13.236082711873143,5,34349,858725
130,130,41662659,Hesaraghatta Lake,5381313.69212106,39427.66989226069,reservoir,Azim Premji University,77.49194990815423,13.164105368537838,5,212882,5322050
131,131,41667624,Bettakote Lake,1488655.7516252836,40702.93563636582,lake,Azim Premji University,77.72544425768218,13.212973643350509,5,60319,1507975
132,132,41667648,Nagadasanahalli Lake,909196.7145467392,35896.14125711154,lake,Azim Premji University,77.57178028299572,13.161767864638277,5,36046,901150
133,133,41667728,Hosakote lake,7642900.298858155,28608.219188621155,lake,Azim Premji University,77.76662279551329,13.088231687218816,5,298650,7466250
134,134,41853696,Dhimbhe Dam,15585118.372033663,64770.140805089846,reservoir,Amity University,73.71308584440006,19.116796375802465,10,153048,15304800
135,135,41853747,Vadaj Reservoir,4814750.658326497,68804.12642476657,reservoir,Ajeenkya D Y Patil University,73.84171517689221,19.166093500937748,5,192263,4806575
136,136,44394968,Karang Tuwi,3186248.901889776,68158.13078259608,lake,Arunachal University of Studies,96.6982885190624,28.516154599755108,5,128930,3223250
137,137,44717016,Shahneher,3380605.299615059,24869.04511893256,reservoir,Arni University,75.91328809507982,31.958075439712463,5,137453,3436325
138,138,47572610,,1005764.824780723,15977.600136997598,reservoir,Anna University,80.15016557450556,12.893807727403706,5,40332,1008300
139,139,51766199,,1186709.2849763213,1853.5560978476544,lake,Aliah University,88.42821245737726,22.564822964219776,5,47486,1187150
140,140,51766281,,962693.0213595378,4436.279523587767,lake,Aliah University,88.43541028081728,22.54236182621963,5,38801,970025
141,141,51815976,Aliyar Reservoir,6262875.171677647,40591.24508590722,reservoir,Amrita Vishwa Vidyapeetham,76.97452531973187,10.472833261016447,5,252140,6303500
142,142,51815979,,3415283.6755738007,47944.74798019908,reservoir,Amrita Vishwa Vidyapeetham,77.15944135985016,10.475004340021846,5,136282,3407050
143,143,51815983,,3712194.323839395,81018.85174010828,reservoir,Amrita Vishwa Vidyapeetham,77.48794185597468,10.370721542820425,5,149045,3726125
144,144,51816759,Mangalam Dam,2907532.6295858645,55149.64561354818,reservoir,Amrita Vishwa Vidyapeetham,76.53711958601873,10.505935773545104,5,116090,2902250
145,145,51829930,,1029365.4007346446,45501.21906240073,reservoir,Alliance University,77.92213742702272,12.493367413357143,5,40886,1022150
146,146,52014012,Fox Sagar,1256380.5822268636,22634.55591902039,pond,Acharya Ng Ranga Agricultural University,78.46944319748275,17.526367693688865,5,50185,1254625
147,147,53555667,,1283254.4299908192,52510.225366178434,lake,Azim Premji University,77.71958541951842,13.321469030873258,5,51161,1279025
148,148,57047323,,1439975.8602746795,56443.24440223834,pond,Azim Premji University,77.99537970725314,13.2430070479889,5,57189,1429725
149,149,58680339,Tawa Reservoir,37970866.62692234,73757.68770684036,reservoir,Aisect University,78.09909862125663,22.565311432334163,10,361487,36148700
150,150,58942852,,4609344.15701816,86749.61648976714,reservoir,Awadesh Pratap Singh University,80.78675613142607,25.167338552313023,5,184385,4609625
151,151,58943275,Kodar Reservoir,10626033.484413425,36340.87316585484,reservoir,Amity University,82.21280827985775,21.185382777581065,5,429496,10737400
152,152,59683635,Orathupalayam Reservoir,3921126.551311555,63146.710729011946,reservoir,Avinashilingam Institute For Home Science & Higher Education For Women,77.52604287698924,11.106923019790104,5,159199,3979975
153,153,59683639,,926078.749329472,77446.53973511873,reservoir,Avinashilingam Institute For Home Science & Higher Education For Women,77.51472695201313,11.450451056109456,5,37195,929875
154,154,59683890,,3016787.162870543,77153.49699246408,reservoir,Annamalai University,79.19127813829024,10.987303020204823,5,121920,3048000
155,155,82611270,Veeranam Lake,23495507.576351576,25547.307840117093,lake,Annamalai University,79.53285609302863,11.331522070803818,10,238263,23826300
156,156,84087731,Koovam Eri,4030133.228020316,45575.291255862125,reservoir,Anna University,79.8160646232811,13.01081770751993,5,161735,4043375
157,157,84106295,,1450959.8650148832,8390.262424967455,lake,Anna University,80.22540257947057,12.935892151662204,5,58078,1451950
158,158,92001285,Meghadri Reservoir,7325989.491739335,16276.3880411499,reservoir,Andhra University,83.18146201064765,17.777339439651524,5,291566,7289150
159,159,97868797,Mavatturu Kere,3462624.457800563,73884.9839442076,reservoir,Azim Premji University,77.3370077586298,13.435957327925658,5,137499,3437475
160,160,102302994,,830617.1453785285,25566.14331206049,reservoir,Academy Of Maritime Education And Training,80.02617694641522,12.875214329741508,5,33289,832225
161,161,102303002,ADHANOOR LAKE,1136395.9060835517,23078.25548460608,reservoir,Academy Of Maritime Education And Training,80.04727118558637,12.86615647176126,5,45287,1132175
162,162,112938102,Pariag Reservoir,4504308.505719122,37755.66281682514,reservoir,Anand Agricultural University,72.61641802595832,22.551127340258954,5,181673,4541825
163,163,113676407,Chandsen Dam,1101982.3625752889,48335.43381140012,reservoir,Amity University,75.45155780648311,26.342395088083155,5,44112,1102800
164,164,114510110,Maroda-2 Reservoir,6791879.10643768,26751.532604411765,reservoir,Ayush And Health Science University,81.37807605624256,21.155708074049155,5,271240,6781000
165,165,114510158,Maroda-1 Reservoir,2065761.5082367647,28248.051355176616,reservoir,Ayush And Health Science University,81.36475816957453,21.17236050254169,5,82711,2067775
166,166,115702044,Ibrahimpatnam Cheruvu,1633808.5773295534,29471.05663367941,lake,Acharya Ng Ranga Agricultural University,78.62775492664602,17.193322337543673,5,64920,1623000
167,167,115707377,Suravaram Lake,802174.0620226574,66565.71778741332,lake,Acharya Nagarjuna University,80.56693537126915,17.05850881473033,5,32050,801250
168,168,115707378,Gonelavagu Reservoir,1933167.768194782,76366.6081792572,reservoir,Acharya Nagarjuna University,80.96131127394489,17.020159368254713,5,77349,1933725
169,169,115707397,Tammileru Reservoir,5509377.073974662,73558.04354897056,reservoir,Acharya Nagarjuna University,80.92287028296843,17.01462856327964,5,220516,5512900
170,170,115769453,Pedda Vagu Reservoir,2673053.0955180083,85589.54291779977,reservoir,Adikavi Nannaya University,81.16327247893501,17.41789282259894,5,106988,2674700
171,171,115772000,Ameenpur Lake,1267115.054860201,21754.34900400789,lake,Acharya Ng Ranga Agricultural University,78.33316159661338,17.52311765061622,5,49958,1248950
172,172,115877852,Konam Reservoir,1989165.6450262791,57399.18207685602,reservoir,Andhra University,82.85275856274833,17.97711475591832,5,79301,1982525
173,173,115877854,Andra Reservoir,3372675.884888201,70083.16554562845,reservoir,Andhra University,83.18705107052796,18.3384628982169,5,136197,3404925
174,174,115877871,Raiwada Reservoir,9204369.35192843,49601.44144530986,reservoir,Andhra University,82.97849347367412,18.022817435948348,5,369323,9233075
175,175,116300100,Bhavanasi,1857195.7991133244,90794.49107199236,pond,Acharya Nagarjuna University,79.96179921010477,15.862153459906295,5,74323,1858075
176,176,117554807,,998216.0577992405,66814.25646317312,lake,Anna University,79.7017825787197,13.311904478554894,5,40197,1004925
177,177,117580330,Hebbakka Kere,1332279.915786313,89106.79584292631,lake,Azim Premji University,77.07692950614727,13.413644985909466,5,53084,1327100
178,178,117698592,,1004023.4638474466,56132.86761988559,reservoir,Academy Of Maritime Education And Training,79.73606008568686,12.62374859557042,5,40374,1009350
179,179,117698597,,935713.1154781128,65053.0251432699,lake,Annamalai University,79.4243872765134,11.901635800827524,5,37356,933900
180,180,117698611,,1265931.6951570062,56744.97567209161,reservoir,Academy Of Maritime Education And Training,79.73769519022676,12.60013688231717,5,50878,1271950
181,181,117698614,,927400.800532707,62371.38738481895,reservoir,Annamalai University,79.33780401358877,11.798637093162304,5,37209,930225
182,182,117698660,,1275350.560288367,58856.253656293935,reservoir,Academy Of Maritime Education And Training,79.95565217662902,12.306952881398589,5,50847,1271175
183,183,117698716,Bahour Lake,3977257.657169956,45764.64948385809,lake,Annamalai University,79.73777540732438,11.82411751562604,5,159159,3978975
184,184,117699389,Perumal Tank,8622555.832336005,19872.58760524334,lake,Annamalai University,79.66827609662649,11.569767384634266,5,345641,8641025
185,185,117699391,Wellington Lake,15716289.74167697,73089.17940327429,reservoir,Annamalai University,79.08336298165034,11.431255443573605,5,625503,15637575
186,186,117765856,Tandava Reservoir,5796811.331327772,97635.72246741742,reservoir,Adikavi Nannaya University,82.45826372509237,17.634475176277498,5,230646,5766150
187,187,121060371,Kopili reservoir,18287137.978068363,77652.59501779033,reservoir,Assam University,92.69667670923673,25.50422341608028,5,732088,18302200
188,188,131550395,,924698.8549726544,66900.2007353062,pond,Azim Premji University,77.51655715493828,13.43718290900514,5,36584,914600
189,189,132558351,Ottu reservoir,2858436.28866025,77749.69815331999,reservoir,Adesh University,74.90568597836992,29.50019957019345,5,114378,2859450
190,190,132610001,Asan Sanctuary,1240371.8496415366,82670.04629227298,reservoir,APG (Alakh Prakash Goyal) University,77.67453327923872,30.434910787532303,5,49971,1249275
191,191,137356318,Malharsagar,2185987.480921686,34806.24337707508,lake,Ajeenkya D Y Patil University,74.18251995746127,18.3012108836628,5,87491,2187275
192,192,138337742,,1162603.9261009204,35256.1349199534,reservoir,Anna University,80.09346140859286,13.297397127121911,5,46501,1162525
193,193,138337743,,2214876.043697208,37729.89220110201,reservoir,Anna University,80.02596428889214,13.282819335486389,5,88506,2212650
194,194,138337748,,1066630.4004485072,26989.19516228304,reservoir,Anna University,80.0202520355825,13.132210321890277,5,42311,1057775
195,195,145541908,Mathura Bil,1824271.4602675925,22004.68978510659,reservoir,Adamas University,88.48187162131052,22.936802982572043,5,74418,1860450
196,196,148250780,Vaiyapuri Tank,951754.7822945318,77916.23607120181,reservoir,Amrita Vishwa Vidyapeetham,77.50972923680573,10.447057963465,5,37988,949700
197,197,156782315,Kazhuveli Eri,72960733.77909967,78079.85955824758,lake,Annamalai University,79.85176033434549,12.109803005336094,10,729241,72924100
198,198,156785634,Usteri Lake,6527583.996950274,60140.45194698777,lake,Annamalai University,79.74461918971572,11.954300528755065,5,261881,6547025
199,199,164799202,Sathyamoorty Sagar,29041804.540406648,45283.73155599731,reservoir,Anna University,79.85771130961378,13.18397329566332,5,1160149,29003725
200,200,171201578,madhira lake,934793.273351602,54825.181541146754,lake,Acharya Nagarjuna University,80.3761408260112,16.92459914290696,5,37404,935100
201,201,176519614,Lake Maduranthakam,6902889.194102948,46951.602283890265,lake,Academy Of Maritime Education And Training,79.87553430158489,12.52517056709614,5,276860,6921500
202,202,185081536,,1494776.9490368916,49577.21853536788,reservoir,Academy Of Maritime Education And Training,79.91194104401211,12.4453972233734,5,59568,1489200
203,203,186600550,,9124168.951661926,39376.95179772735,reservoir,Amity University,75.24664539853583,26.63017139862961,5,364989,9124725
204,204,192052619,,3141811.2735916874,64795.34325964364,reservoir,Amity University,76.21868733502166,26.98098450774371,5,126890,3172250
205,205,195347911,Walayar Lake,2513542.5809953194,6907.573035668862,reservoir,Amrita Vishwa Vidyapeetham,76.85334236954634,10.84504391757556,5,101407,2535175
206,206,196507985,Tansa Lake,13607441.450695671,69657.01179437565,reservoir,Amity University,73.2655608392224,19.56942866101972,5,541706,13542650
207,207,201264854,,800663.4229852483,40795.71130525687,reservoir,Academy Of Maritime Education And Training,79.93178453356037,12.543539367594947,5,31836,795900
208,208,201264855,,1734516.9987977804,42080.8831206188,reservoir,Academy Of Maritime Education And Training,79.92619970804509,12.531557996453854,5,69468,1736700
209,209,202529580,RS Mangalam Kanmaai,13246290.229905918,49319.2383105733,reservoir,Alagappa University,78.82500827690792,9.630716128087885,10,135589,13558900
210,210,202529581,,3988719.084998751,51622.06539180198,reservoir,Alagappa University,78.70586052309334,9.619233881469675,5,163374,4084350
211,211,207470488,Panshet,13537276.883412763,67600.63207208348,reservoir,Ajeenkya D Y Patil University,73.56167452288304,18.35217318032369,10,133550,13355000
212,212,207470490,Temghar,3471482.8416781886,67348.49149771208,reservoir,Ajeenkya D Y Patil University,73.52422336976353,18.45568928983842,5,137365,3434125
213,213,215353870,Chaskaman,13547319.674134262,58388.37536327678,reservoir,Ajeenkya D Y Patil University,73.74647635008121,18.984105304275047,10,133973,13397300
214,214,225875144,,1150054.6301402226,63539.71849593042,reservoir,Arunodaya University,93.33847057004604,26.67795717950144,5,46259,1156475
215,215,228263005,,1210490.584519658,71635.09643808281,reservoir,Assam Down Town University,92.48992677383968,26.344935960410684,5,47813,1195325
216,216,228539977,,2377595.8564157854,76313.47019878276,reservoir,Assam Down Town University,92.52925407189514,26.37258120095876,5,94626,2365650
217,217,243997054,Gunjavani Reservoir,2717487.684265153,65596.65570212316,reservoir,Ajeenkya D Y Patil University,73.61239353173104,18.301135683378583,5,108311,2707775
218,218,259095818,,1121640.936390188,38273.804754403776,reservoir,Alagappa University,78.66159215969955,9.75933107494221,5,45115,1127875
219,219,259095823,,1240487.8782022337,39098.904719834856,reservoir,Alagappa University,78.63031921409268,9.76634984561047,5,49617,1240425
220,220,259951908,pendravan jalashay,2995639.239669202,7545.227056704551,reservoir,Amity University,81.86886663789163,21.407695305669627,5,120419,3010475
221,221,260868551,Veedur dam reservoir,5121813.32466236,76864.32060375957,reservoir,Annamalai University,79.57976422371851,12.084302891193587,5,204377,5109425
222,222,261192161,,1680337.2323917823,74806.37713523195,lake,Annamalai University,79.6143245419985,12.073035131634176,5,67096,1677400
223,223,264880713,,933062.48505087,80158.61594092353,lake,Annamalai University,79.19638523549322,11.884226151016634,5,37287,932175
224,224,265035401,,802598.180693506,83101.26586983628,lake,Annamalai University,79.16109669993816,11.884106905451867,5,32192,804800
225,225,265359361,Periya Eri,1005599.7150260776,85650.90714191658,lake,Annamalai University,79.19756164014187,11.958415009754662,5,40463,1011575
226,226,265359641,Kattupaiyur lake,1047786.9021660464,80511.17178323797,lake,Annamalai University,79.22285902976449,11.91748810160852,5,42155,1053875
227,227,266288180,,1017255.7294563146,54107.6301686029,reservoir,Amity University,73.5520876662343,19.222637420324705,5,40691,1017275
228,228,272761821,,1152000.973801172,92967.03684692872,reservoir,AURO University of Hospitality and Management,71.94881307241701,21.68846558331304,5,45068,1126700
229,229,305258480,Bhongir Cheruvu,818537.1053036407,54552.50612207112,lake,Acharya Ng Ranga Agricultural University,78.87273932568701,17.511821874367353,5,32931,823275
230,230,325168268,Pedderu Reservoir,1367572.696899665,70350.89393808684,reservoir,Andhra University,82.68609726323663,17.89943349358811,5,55198,1379950
231,231,327025461,,912438.7332693698,39024.02888428554,reservoir,Arunodaya University,94.13347521224796,27.1127253596383,5,36682,917050
232,232,348028757,Katgora Baor,1267718.687037027,78897.1306285785,lake,Adamas University,88.93711994182534,23.28455040268353,5,51668,1291700
233,233,353780990,,1167715.9810881712,60413.58222694885,lake,Annamalai University,79.3587829227658,11.79455522343752,5,46771,1169275
234,234,367594186,Bellandur Lake,3191694.0773489536,9356.247262859844,lake,Azim Premji University,77.66377952597225,12.934819163403626,5,130056,3251400
235,235,376637622,,978715.497156527,68687.76417615566,reservoir,Azim Premji University,77.7477151794203,13.46528191823,5,39072,976800
236,236,376637623,,2102796.9462311915,64295.38273229505,pond,Azim Premji University,77.75114863601543,13.424735612986945,5,84623,2115575
237,237,379542880,,921767.7199888868,61103.11779787626,basin,Andhra University,82.7571467205785,17.612740038626402,5,36353,908825
238,238,384854734,,839695.1698303699,18513.50335498919,lake,Academy Of Maritime Education And Training,80.07760476153722,12.833654038384124,5,33624,840600
239,239,386121032,,806198.2274556166,49432.24220031014,lake,Annamalai University,79.31067692145419,11.508229632401736,5,32103,802575
240,240,390944974,Jadhavwadi Lake,1084630.7849804107,47828.70113739223,reservoir,Ajeenkya D Y Patil University,73.72221294096103,18.78027170913725,5,43447,1086175
241,241,397708446,,903831.2056939952,27541.59519294688,lake,Aliah University,88.69346913221088,22.587453429502325,5,35954,898850
242,242,397708452,,893126.9427479323,28668.572640339684,lake,Aliah University,88.70450180975922,22.58192160228899,5,36024,900600
243,243,397713338,,833143.2332661883,23278.63178786496,reservoir,Aliah University,88.64800030017302,22.541786368676025,5,33405,835125
244,244,397713339,,1010184.470068026,24765.261359604563,reservoir,Aliah University,88.66408638085389,22.549705587710296,5,41019,1025475
245,245,425084398,Borchola Beel,1201332.7212138225,18363.73237123918,lake,Assam WomenÃ¯Â¿Â½S University,94.21883599493638,26.844801775073297,5,48202,1205050
246,246,426589314,,859639.8210008948,52248.96888891512,lake,Alagappa University,78.77280162179774,10.547219251806222,5,34412,860300
247,247,426590705,,893190.0504974877,52031.96241640145,reservoir,Alagappa University,78.81304566271801,10.546039760535072,5,35853,896325
248,248,427303023,,907926.7218407224,54635.92542369521,reservoir,Alagappa University,78.82144843117524,10.569329933035275,5,36370,909250
249,249,429189628,,1705109.420255957,60171.38307956875,reservoir,Alagappa University,78.72070695732255,10.61368869929954,5,67988,1699700
250,250,429383308,,980620.4262026309,55489.485003195,reservoir,Alagappa University,78.47372782445694,10.45750527820512,5,39446,986150
251,251,431342422,Ransai Reservoir,1333391.5216820696,8205.402249524246,reservoir,Amity University,73.07297274207723,18.89737474833931,5,53533,1338325
252,252,441131128,,1291684.6689608686,71283.56623977989,reservoir,Alagappa University,79.02827354010212,10.68007168053396,5,51543,1288575
253,253,444416893,Kavinadu Kanmaai,4175267.0835989146,32795.46409301664,reservoir,Alagappa University,78.77633085096396,10.37119205600011,5,167621,4190525
254,254,458685317,,1596510.3942481177,6370.650028022738,reservoir,Amity University,81.99514413180071,21.36648950481955,5,64004,1600100
255,255,465577318,,2154299.0104555646,64954.08319427777,lake,Anna University,79.64750646512749,12.904205451679717,5,86044,2151100
256,256,481368169,Chandlai Lake,1221426.6513654962,26639.526639207343,reservoir,Amity University,75.87863157482795,26.69530800444877,5,48844,1221100
257,257,486943399,Maidala Lake,1863447.1456698333,72206.05524868946,reservoir,Azim Premji University,77.19497455092562,13.313310850174762,5,74988,1874700
258,258,497729127,Kanva Reservoir,3517644.440479276,44868.55528404394,reservoir,Alliance University,77.2044770661294,12.735677477703248,5,139553,3488825
259,259,497854750,,1027603.2592612436,66552.00858863084,reservoir,Alliance University,77.00519836090727,12.824708395617208,5,41210,1030250
260,260,497854751,,1553956.3698134911,59399.12084997075,reservoir,Alliance University,77.07548485590398,12.857023119110025,5,62075,1551875
261,261,502007343,,1752185.8914631184,78004.3274841028,lake,AKS University,80.58438994369807,25.11224793264993,5,70208,1755200
262,262,504666760,Balancing Reservoir,1264961.5609025375,76456.04736468877,reservoir,Amity University,78.47001974906995,25.589811781003373,5,50638,1265950
263,263,508130596,,1671102.8068893,67391.87793326081,reservoir,Awadesh Pratap Singh University,81.56579280185318,25.140491315260203,5,67061,1676525
264,264,538380755,,899885.6313706858,40048.61611769691,lake,Alagappa University,79.16699332532134,10.057305260664528,5,36076,901900
265,265,542065368,,1458307.579985345,45327.69855472278,lake,Acharya Nagarjuna University,80.13091913169568,16.540162352817454,5,58546,1463650
266,266,547301355,,1865534.0369184087,28247.12548192264,lake,Alagappa University,78.8593164096838,10.324852915528847,5,73173,1829325
267,267,550688221,Victoria Lake Warwand,1667658.6276311895,34984.99228352012,lake,Ajeenkya D Y Patil University,74.41096455474008,18.43044643595896,5,66532,1663300
268,268,551010509,Gagillapur,991435.62001239,95747.49081850702,lake,Acharya Ng Ranga Agricultural University,79.04110034677025,17.937367394221607,5,39569,989225
269,269,552187756,,1075175.8063563833,71398.46309955552,reservoir,Acharya Ng Ranga Agricultural University,77.74971134288197,17.154203376378387,5,43191,1079775
270,270,559181927,,2339765.0765572595,91930.82971330931,lake,Adamas University,88.97245340140975,23.40900947405783,5,93140,2328500
271,271,559850601,Gaurishankar Talav,1873109.567465407,84026.2503043335,lake,AURO University of Hospitality and Management,72.11726527835114,21.74380274982335,5,77696,1942400
272,272,563802369,,1596748.538980137,61098.99933565042,reservoir,Awadesh Pratap Singh University,80.97215351114001,25.0059662491044,5,63849,1596225
273,273,568408655,à¦¬à§à¦à¦­à¦°à¦¾ à¦¬à¦¾à¦à§,1078561.603485857,84578.26431420424,lake,Adamas University,89.1176788181851,23.17472467688832,5,42392,1059800
274,274,586029356,,1397085.0447958575,25120.94877907526,lake,Alagappa University,78.85001477694422,10.297950130517398,5,56254,1406350
275,275,596831199,mahboob sagar,989563.3928653746,44810.57418217152,lake,Acharya Ng Ranga Agricultural University,78.09647381790684,17.622565727103623,5,39083,977075
276,276,613998437,,1053571.1490561045,46419.30075616772,reservoir,Amrita Vishwa Vidyapeetham,77.02573138145118,10.429879017774988,5,42344,1058600
277,277,625348583,Maramsilli Reservoir,19357057.10302295,69719.28991827839,reservoir,Ayush And Health Science University,81.6841028225656,20.519718007194875,5,776800,19420000
278,278,629166419,,15046316.478504464,71512.41094965213,reservoir,Ayush And Health Science University,81.10962132579003,20.731646472031745,5,601868,15046700
279,279,629799672,Musurumilli Reservoir,2345274.761942606,44769.910806371314,reservoir,Adikavi Nannaya University,81.77180435847625,17.388699988334952,5,94534,2363350
280,280,629799674,,1301939.452213072,32272.464254827733,reservoir,Adikavi Nannaya University,81.68822960219944,17.244796838187742,5,52100,1302500
281,281,631796072,,1025755.619170864,27260.13860460104,reservoir,Anand Agricultural University,73.24242330371845,22.555587934182693,5,41570,1039250
282,282,640614126,,1220383.0759356904,44130.15322661895,reservoir,Arni University,75.89678603240972,31.74171951957326,5,49021,1225525
283,283,641992869,,989503.3897819592,12978.178369708166,reservoir,Academy Of Maritime Education And Training,80.14666451294367,12.682832996766937,5,39542,988550
284,284,642008292,,1058837.9382911853,15099.780553325523,reservoir,Academy Of Maritime Education And Training,80.1603581454955,12.647653391164848,5,42338,1058450
285,285,653705468,,946978.2354343972,40646.24686647544,lake,Alagappa University,78.83286068960217,9.709790307536773,5,37942,948550
286,286,663450139,,1566731.3176329387,26794.06508367496,pond,Ahmedabad University,72.60892148492299,22.800510160603885,5,61878,1546950
287,287,676643852,,2679175.2633947968,26264.568856797123,reservoir,Assam University,92.44938462332404,24.70989640931565,5,107496,2687400
288,288,687382830,,1202134.616663998,77815.0738394778,reservoir,Ahmedabad University,71.93916183206443,22.626925394792043,5,46576,1164400
289,289,711951076,Subbareddy Sagar,976961.1712875096,55363.40080957148,reservoir,Adikavi Nannaya University,82.20432741253585,17.338647078384405,5,38763,969075
290,290,736675076,,816739.4614615669,81216.24843681966,pond,Acharya Nagarjuna University,80.87419364695525,17.120075280060128,5,32666,816650
291,291,753178285,,1144403.0970775555,58302.02077240285,reservoir,Ajeenkya D Y Patil University,74.61151304947884,18.33817304432852,5,45960,1149000
292,292,758417491,,1179031.8116074167,76408.26684444185,reservoir,Alagappa University,78.1371757704399,9.870812553045548,5,47356,1183900
293,293,758417504,,1183439.6921284308,75406.03673961408,reservoir,Alagappa University,78.16925062328393,9.810399132158803,5,47929,1198225
294,294,796758541,,828401.0815367998,89084.46433635923,lake,Amrita Vishwa Vidyapeetham,76.24526465875562,10.37821810131718,5,33080,827000
295,295,799069624,,820459.6238564156,94916.91224769536,reservoir,Acharya Ng Ranga Agricultural University,79.08673999528152,17.876748568064592,5,32750,818750
296,296,801963405,Konda Pochamma Sagar Reservoir,15433010.362938875,55051.21644196368,reservoir,Acharya Ng Ranga Agricultural University,78.68648260687196,17.745519836404124,5,616857,15421425
297,297,803431303,Ponneri Lake,1951695.649725725,42816.35959700583,lake,Annamalai University,79.41910833376961,11.207147380865685,5,79013,1975325
298,298,816313846,,4933251.206308657,98507.74203611328,reservoir,Ayush And Health Science University,81.02087442009201,21.82705507298556,5,197173,4929325
299,299,817845484,,1182321.2036943128,17982.020914403467,reservoir,Amity University,81.78492891905836,21.464660271258225,5,47465,1186625
300,300,830928059,,1062273.0915830445,35050.74360432818,reservoir,Anna University,79.94028998133805,13.138396026839088,5,42408,1060200
301,301,831047456,,3273890.9484374416,32284.532199198333,reservoir,Anna University,79.9489836929613,12.934765972705703,5,131542,3288550
302,302,831047472,,11178748.529277898,43683.9863439301,reservoir,Academy Of Maritime Education And Training,79.84600076612793,12.873408678570604,5,448546,11213650
303,303,836921563,Sendh Lake,1319442.5451868002,19385.298295348766,lake,Ayush And Health Science University,81.81253337437018,21.203988180398973,5,52802,1320050
304,304,854951467,Gundolav Pond,898074.2889640807,76677.0652534004,pond,Amity University,74.87355396768388,26.574885903098213,5,35877,896925
305,305,860065468,,7598469.580248056,60666.732746818016,reservoir,Amrita Vishwa Vidyapeetham,77.25637369449016,10.402568470555106,5,302951,7573775
306,306,878392562,Nevta Lake,1361109.2236285526,8986.751710106664,lake,Amity University,75.68844889033818,26.80348426747032,5,54614,1365350
307,307,887835211,,1465588.0059716182,50910.18001575816,pond,Annamalai University,79.31135714108305,11.559839419437088,5,58383,1459575
308,308,888263917,,1151836.78914012,41075.79008778906,pond,Annamalai University,79.37698436717912,11.43182321164924,5,46320,1158000
309,309,908108474,,2298000.6165380706,41626.846617061965,reservoir,Assam University,92.35981782799912,25.030127974371265,5,91623,2290575
310,310,938141453,,975243.7712481197,94491.7578370767,reservoir,Awadesh Pratap Singh University,82.04598730939064,25.127219840163484,5,39374,984350
311,311,958389094,,1131436.665945613,56702.229161797055,reservoir,Amrita Vishwa Vidyapeetham,76.89962919141558,10.322793914756192,5,45190,1129750
312,312,989004111,Thittewadi Bhandara,1254949.2305894606,24666.128023365847,reservoir,Ajeenkya D Y Patil University,74.0390641899328,18.81406100616464,5,49992,1249800
313,313,995251562,,885330.5561392197,20543.42686452076,reservoir,Alagappa University,78.62739175590904,10.009168392405792,5,35628,890700
314,314,999679411,,968025.7845700548,65895.15550743532,basin,Alagappa University,78.58443124607554,9.52092259295974,5,38683,967075
315,315,1000877890,,1233456.585727032,61739.27481975832,reservoir,Annamalai University,79.31326646885931,11.059466085739754,5,49790,1244750
316,316,1000877892,,2502578.409114375,61286.45600257177,reservoir,Annamalai University,79.30563317897057,11.07570457952068,5,99988,2499700
317,317,1001772927,,989164.2768342118,77388.77782947707,basin,Anna University,79.99895266826971,13.670979550248443,5,39418,985450
318,318,1002016842,,967537.012633794,78750.45761775368,basin,Anna University,79.96774056590931,13.672671243279227,5,38772,969300
319,319,1016927646,,901664.5650616792,22880.095134283933,reservoir,Alagappa University,78.59448039759698,10.095499182622188,5,36342,908550
320,320,1017103917,,1284551.226205429,87158.11419650966,lake,Alliance University,78.14173418415854,12.179565691152948,5,51545,1288625
321,321,1031392197,,1161044.384862868,99539.8566173662,reservoir,Atal Bihari Vajpai Hindi Vishwavidyalaya,76.69602973878382,23.80377404723412,5,46970,1174250
322,322,1033940839,,1204491.4922273697,14158.486933499038,reservoir,Alagappa University,78.75552344626138,9.956593064571369,5,48121,1203025
323,323,1038193507,Konal Ar Lake,991535.5390378818,88836.77417151525,reservoir,Amrita Vishwa Vidyapeetham,77.36785653499105,10.168435533522478,5,39302,982550
324,324,1046773084,,1622983.797667015,65283.41830137408,pond,Andhra University,83.4856659372434,18.2872758184254,5,65141,1628525
325,325,1047090959,,851563.7685228229,13070.799760513592,reservoir,Alagappa University,78.71336273525485,9.997145424225067,5,34150,853750
326,326,1047151667,,1463552.1172377344,13474.3041660994,reservoir,Alagappa University,78.69304591319442,10.019986922978504,5,57315,1432875
327,327,1073092381,Vandiyur Lake,2268604.195700205,72417.50019216734,reservoir,Alagappa University,78.15768450141887,9.93431337144848,5,90249,2256225
328,328,1092686472,Budigere Lake,1442322.3704413536,33923.24683879754,pond,Azim Premji University,77.74532378429863,13.146120202296066,5,57932,1448300
329,329,1096342570,Kopra Dam,1585245.108272681,75648.40216316261,reservoir,Amity University,82.05108305144991,22.06585511168055,5,63386,1584650
330,330,1125649701,,968200.4580719264,50861.049979989046,reservoir,Azim Premji University,77.50856257472417,13.283837340933108,5,38492,962300
331,331,1145168710,,1278570.52273419,39267.92778354215,lake,Anand Agricultural University,73.36011638450174,22.472372376102825,5,51206,1280150
332,332,1163338210,Aachan kulam,948080.1899470662,15522.922421832784,lake,Avinashilingam Institute For Home Science & Higher Education For Women,77.09491772309934,11.044498982456318,5,37683,942075
333,333,1177288809,,913932.7780545716,85607.21863110935,lake,Azim Premji University,78.24686667112907,13.370993140889126,5,36932,923300
334,334,1177403330,,1191508.7071861604,44110.88031636516,pond,Azim Premji University,78.00264333824055,13.070063827616751,5,47548,1188700
335,335,1205917796,,1999631.600481308,35151.65155143489,reservoir,AKS University,80.94176699875987,24.14751138127269,5,79922,1998050
336,336,1214067085,,7475073.013460569,98443.65212958794,reservoir,Adikavi Nannaya University,82.45403706374394,17.648126804472916,5,297778,7444450
337,337,1226794641,,1114722.731996145,45748.19856836136,lake,Anna University,79.81964953956576,13.07595651465292,5,44449,1111225
338,338,1240265324,,1683983.896218212,26600.56592447549,lake,Amity University,75.87857519776101,26.696595177822005,5,67436,1685900
339,339,1243378568,,888642.8103857398,26726.15133307536,pond,Andhra University,83.33277453372352,17.959977807825418,5,35956,898900
340,340,1245490955,,1006718.32690833,20547.893112090074,lake,Acharya Nagarjuna University,80.49471700934649,16.635923727492358,5,40348,1008700
341,341,1253868344,,1172098.8489943014,76093.20850746396,pond,Anna University,80.05667325976542,13.676134045979222,5,46870,1171750
342,342,1257716716,Araniar Reservoir,11807313.907414952,71306.49915362766,reservoir,Anna University,79.72428300937362,13.415949638435803,5,472430,11810750
343,343,1259051386,,1324946.915757905,70866.96660630032,pond,Anna University,79.69792656582416,13.37466445475367,5,53198,1329950
344,344,1271042227,,1778922.340566347,73825.05688575364,pond,Acharya Nagarjuna University,79.94361058357809,16.13157786948112,5,71014,1775350
345,345,1271092037,,1288963.8471580844,74730.61653514355,pond,Acharya Nagarjuna University,80.01925928285573,16.0137053231015,5,51380,1284500
346,346,1273092884,,1076162.6785395965,14120.632506670683,pond,Acharya Nagarjuna University,80.56993870520999,16.582779839478878,5,43061,1076525
347,347,1284620931,,1098475.1020086012,47644.58754347648,pond,Acharya Nagarjuna University,80.19417701200113,16.721407568874252,5,43796,1094900
348,348,1286534028,,5022915.462955237,37783.04946042943,lake,Amity University,73.42846004382503,18.77848284309099,5,200991,5024775
349,349,1288299018,,1123595.8627134634,49607.18303961232,lake,Adamas University,88.39107670944493,23.18820633334406,5,44969,1124225
350,350,1305543054,,1036690.5638048054,17787.735627455935,pond,Adikavi Nannaya University,81.93682145572352,17.114065283988964,5,41408,1035200
351,351,1306977512,,845630.5067352412,20605.772132711703,pond,Adikavi Nannaya University,81.80598707314788,17.172767353779278,5,33645,841125
352,352,1312671210,,805171.5101674206,22667.72644208262,pond,Acharya Nagarjuna University,80.62641628365316,16.647077495403853,5,32164,804100
353,353,11325236-2,,1515301.0007872975,51642.41409207421,,Adikavi Nannaya University,81.75796092617216,17.44951306816215,5,61162,1529050
354,354,11913421-0,,862749.2812258643,95540.20998377843,,Amity University,82.66992287675967,20.866141268656254,5,35040,876000
355,355,11913421-1,,1561140.4557253565,96662.9260459219,,Amity University,82.67342378933772,20.853836808212648,5,62580,1564500
356,356,13346368-1,,5019919.727187712,73761.54351456862,,Awadesh Pratap Singh University,81.1471618425296,25.210484599986728,5,201261,5031525
357,357,1868190-0,,3262786.562882651,3920.423949122335,,Atal Bihari Vajpai Hindi Vishwavidyalaya,77.392836466525,23.19823254627052,5,133148,3328700
358,358,7538927-0,,1949978.404129107,87846.22677148106,,Azim Premji University,77.06544883783441,13.385130055837008,5,77992,1949800
359,359,8066764-1,,17312954.91726805,62145.8723994125,,Atal Bihari Vajpai Hindi Vishwavidyalaya,77.4842886694696,23.769655072617827,5,683689,17092225
